component,C11,C22,C33,C23,C13,C12
C11,17393.7293,5935.46772,5928.53449,0.138634,-0.14443435,0.0447026
C22,5925.76125,17402.047,5928.51975,0.19773005,0.09993775,0.42410325
C33,5922.02263,5933.33097,17389.8853,0.1487221,-0.0622381,0.1379673
C23,0.2322228,0.35274755,0.16027685,3106.69409,0.0881196,-0.137562475
C13,0.0133877,-0.04420335,0.35883985,0.182542625,3105.11614,-0.002832675
C12,-0.12580785,0.77669705,0.61663545,-0.067491775,0.1367989,3106.01906
